1,
2,
3,
4,1897-04-28,
5,
6,1897-05-06,
7,
8,
9,
10,
11,
12,1897-07-21,
13,
14,
15,
16,
17,
18,1933-05-12,1896-01-01,1896-02-16,1896-03-05,1896-03-15,
19,
20,
21,
22,
23,1896-04-04,
24,1897-11-08,
25,
26,
27,
28,
29,
30,
31,
32,
33,
34,
35,
36,
37,
38,
39,
40,
41,
42,
43,
44,
45,
46,
47,
48,
49,
50,
51,
52,
53,
54,
55,
56,1916-06-03,1916-07-18,1916-08-01,1916-08-11,
57,1916-12-05,
58,
59,
60,
61,
62,1923-05-08,1923-05-10,1923-05-11,1923-05-14,
63,
64,1923-05-16,1923-05-19,
65,1923-05-19,
66,1923-05-23,
67,1923-06-28,
68,
69,1923-07-03,
70,1923-07-05,
71,1923-07-19,
72,1923-07-16,
73,1923-07-17,
74,1923-07-18,
75,1923-07-18,
76,1923-07-18,
77,1923-07-20,
78,1923-07-20,
79,1923-07-20,
80,1923-07-21,
81,1923-07-21,
82,1923-07-22,
83,1923-07-22,
84,1923-07-23,
85,
86,1923-07-24,
87,1923-07-24,
88,1923-07-26,
89,1923-07-26,
90,1923-07-28,
91,1923-07-28,
92,
93,1923-07-30,
94,1923-07-30,
95,1923-07-30,
96,
97,1923-09-07,
98,1923-09-11,
99,
100,1923-12-10,
101,
102,1924-04-26,
103,
104,1924-05-07,
105,1924-08-12,
106,
107,
108,1924-06-28,
109,
110,1924-06-27,
111,1924-06-27,
112,1924-06-29,
113,1924-06-29,
114,1919-06-30,
115,1924-07-01,
116,1924-07-01,
117,
118,
119,
120,
121,1924-07-02,
122,
123,
124,1924-07-04,
125,
126,
127,1924-08-08,
128,1924-08-08,
129,1924-08-09,
130,1924-08-09,
131,1924-08-09,
132,1924-08-09,
133,1924-08-09,
134,1924-08-10,
135,1924-08-10,
136,1924-08-11,
137,1924-08-11,
138,1924-08-11,
139,1924-08-12,
140,1924-08-12,
141,1924-08-13,
142,1924-08-14,
143,1924-08-14,
144,1924-08-15,
145,1924-08-17,
146,1924-08-17,
147,1924-08-18,
148,1924-08-18,
149,
150,1925-01-10,
151,1925-01-10,
152,1925-01-10,
153,1925-01-10,
154,
155,1925-01-12,
156,1925-01-12,
157,1925-01-12,
158,1925-01-13,
159,1925-01-13,
160,1925-01-15,
161,1925-01-15,
162,1925-01-15,
163,1925-01-15,
164,1925-01-17,
165,1925-01-17,
166,1925-01-18,
167,1925-01-18,
168,1925-01-18,
169,1925-01-18,
170,
171,1925-01-22,
172,1925-01-22,
173,1925-01-22,
174,1925-01-24,
175,1925-01-23,
176,1925-01-24,
177,1925-01-24,
178,1925-01-24,
179,1925-01-24,
180,1925-01-27,
181,1925-01-29,
182,1926-02-05,
183,1926-02-05,
184,
185,
186,
187,
188,
189,1925-03-14,
190,1925-03-14,
191,1925-03-15,
192,1925-03-15,
193,1925-03-16,
194,1925-03-16,
195,1925-03-17,
196,1925-03-17,
197,1925-03-17,
198,1925-03-17,
199,1925-03-17,
200,1925-03-19,
201,1925-03-19,
202,1925-03-19,
203,1925-03-19,
204,1925-03-21,
205,1925-03-21,
206,1925-03-21,
207,1925-03-21,
208,1925-03-21,
209,
210,1925-06-17,
211,1925-06-17,
212,1925-06-17,
213,1925-06-17,
214,1925-06-19,
215,1925-06-17,
216,1925-06-20,
217,1925-06-20,
218,
219,
220,
221,1925-06-22,
222,1925-06-23,
223,1925-06-25,
224,
225,
226,
227,1925-08-03,
228,
229,1925-08-04,
230,1925-08-04,
231,1925-08-05,
232,192-08-06,
233,1925-08-06,
234,1925-08-06,
235,1925-08-06,
236,1925-08-07,
237,1925-08-07,
238,1925-08-07,
239,1925-08-07,
240,1925-08-07,
241,1925-08-08,
242,1925-08-09,
243,1925-08-09,
244,1925-09-08,
245,1925-09-08,
246,1925-08-10,
247,1925-08-10,
248,1925-08-11,
249,1925-08-11,
250,1925-08-11,
251,1925-08-11,
252,1925-08-11,
253,1925-08-13,
254,1925-08-14,
255,1925-08-14,
256,1925-08-14,
257,1925-08-14,
258,1925-08-14,1925-08-15,1925-08-19,
259,1925-08-19,
260,
261,1925-09-10,
262,1925-09-10,
263,1925-09-11,
264,1925-09-11,
265,1925-09-11,
266,1925-09-14,
267,1925-09-14,
268,1925-09-14,
269,1926-09-15,
270,1925-09-17,
271,
272,1925-10-12,
273,1925-10-13,
274,1925-10-13,
275,1925-10-13,
276,1925-10-14,
277,1925-10-14,
278,1925-10-14,
279,1925-10-13,
280,1925-10-16,
281,1925-10-16,
282,1925-10-16,
283,1925-10-16,
284,1925-10-17,
285,1925-10-17,
286,1925-10-18,
287,1925-10-18,
288,1925-10-18,
289,1925-10-19,
290,1925-10-19,
291,1926-02-07,
292,1926-02-07,
293,1926-02-08,
294,1926-02-08,
295,1926-02-09,
296,1926-02-09,
297,1926-02-11,
298,1926-02-11,
299,1926-02-12,
300,1926-02-13,
301,1926-02-14,
302,1926-02-15,
303,
304,
305,
306,1926-03-02,
307,
308,1926-04-17,
309,
310,1926-04-17,
311,1926-04-19,
312,1926-04-19,1926-04-19,
313,
314,1926-04-21,1926-04-22,1926-04-24,
315,1926-04-24,1926-04-25,
316,1926-04-27,
317,1926-04-27,
318,1926-04-27,1926-04-29,
319,1929-04-27,
320,
321,1926-05-02,
322,1926-05-02,
323,1926-05-02,
324,1926-04-21,
325,1926-04-22,1926-04-23,
326,1926-04-23,1926-04-24,
327,1926-04-24,1926-04-25,1926-04-26,
328,1926-04-26,
329,1926-04-26,
330,1926-04-26,1926-04-30,
331,1926-05-06,1926-05-08,
332,1926-05-10,
333,
334,1926-05-08,
335,
336,1926-05-13,
337,1926-05-13,
338,1926-05-13,
339,
340,1926-05-17,
341,
342,1926-07-26,1926-07-29,
343,1926-07-29,1926-02-30,1926-07-31,
344,1926-07-27,
345,1926-07-27,
346,1926-07-27,
347,1926-07-29,
348,1926-07-29,
349,1926-07-29,
350,1926-07-30,
351,1926-07-30,
352,1926-07-30,
353,1926-07-30,
354,1926-07-31,
355,
356,1926-08-01,
357,1926-08-01,
358,1926-08-01,
359,
360,1926-08-02,
361,1926-08-02,
362,1926-08-03,
363,1926-08-03,
364,1926-08-03,
365,1926-08-03,
366,1926-08-03,
367,1926-08-03,
368,1926-08-03,
369,1926-08-03,
370,1926-08-05,
371,1926-08-05,
372,1926-08-05,
373,1926-08-05,
374,
375,1926-08-07,
376,1926-08-07,
377,1926-08-10,
378,1926-08-10,
379,1926-07-31,1926-08-01,1926-08-02,
380,1926-08-05,1926-08-07,1926-08-08,1926-08-09,
381,
382,
383,
384,
385,
386,
387,
388,
389,1926-09-07,
390,1926-09-08,
391,1926-09-09,
392,1926-09-09,
393,1926-09-09,
394,1926-12-25,
395,1926-12-25,
396,1926-12-25,
397,1926-12-25,
398,1926-12-26,
399,1926-12-26,
400,1926-12-27,
401,1926-12-27,
402,1926-12-28,
403,1926-12-28,
404,
405,1926-12-29,
406,1926-12-30,
407,1926-12-30,
408,1926-12-31,
409,1926-12-31,
410,1926-12-31,
411,
412,1927-01-01,
413,1927-01-01,
414,1897-01-01,
415,1927-01-02,
416,1927-01-02,
417,
418,
419,
420,1927-04-21,
421,1927-04-21,
422,1927-04-21,
423,1927-04-21,
424,1927-04-22,
425,1927-04-23,
426,1927-04-23,
427,1927-04-24,
428,1927-04-24,1927-04-25,
429,1927-04-24,
430,1927-04-24,
431,1927-04-24,
432,1927-04-25,
433,1927-04-25,
434,
435,1927-04-27,
436,1927-04-27,
437,1927-04-27,
438,1927-04-28,
439,1927-04-28,
440,1927-04-28,
441,1927-05-20,1927-05-21,
442,1927-05-20,
443,
444,
445,
446,
447,
448,
449,
450,
451,1927-08-13,
452,1927-08-13,
453,1927-08-13,
454,1927-08-13,
455,1927-08-03,
456,1927-08-13,
457,1927-08-16,
458,1927-08-16,
459,1927-08-16,
460,1927-08-16,
461,1927-08-16,
462,1927-08-17,
463,1927-08-17,
464,1927-08-18,
465,1927-08-18,
466,1927-08-20,
467,
468,
469,
470,
471,
472,
473,
474,
475,
476,1927-09-07,
477,1927-09-07,
478,1927-09-06,1927-09-09,
479,1927-09-09,
480,1927-09-09,
481,
482,
483,
484,1927-09-11,
485,1927-09-11,
486,
487,
488,
489,
490,1927-11-06,1927-11-07,
491,
492,
493,
494,1927-11-29,
495,1927-10-22,
496,1927-11-29,
497,
498,1927-11-30,
499,1927-11-30,
500,1927-12-02,
501,1927-12-02,
502,
503,1927-12-03,1927-12-03,
504,1927-12-04,
505,1927-12-04,
506,1927-12-05,
507,1927-12-05,
508,1927-12-06,
509,1927-12-06,
510,1924-12-06,
511,1927-12-06,
512,1927-12-08,
513,1927-12-08,
514,
515,
516,
517,
518,
519,
520,
521,1928-04-13,
522,1928-04-13,
523,1928-04-14,
524,1928-04-14,
525,
526,1927-04-16,
527,1928-04-17,
528,1928-04-17,
529,1928-04-17,
530,
531,1928-04-19,
532,1928-04-19,
533,1928-04-19,
534,1928-04-22,
535,1928-04-22,
536,1928-04-23,
537,1928-04-24,
538,1928-04-24,
539,1928-04-24,
540,1928-04-24,
541,1928-04-26,
542,
543,1928-04-28,
544,1928-04-30,
545,1928-04-30,
546,1928-04-30,
547,
548,
549,
550,
551,
552,
553,
554,
555,
556,
557,
558,1928-07-28,
559,1928-07-27,
560,1928-07-27,
561,
562,1928-08-29,
563,
564,
565,
566,
567,1928-08-17,
568,1928-08-18,
569,1928-08-19,
570,1928-08-20,
571,1928-08-20,
572,1928-08-21,
573,1928-08-21,
574,1929-08-21,
575,1928-08-22,
576,1928-08-23,
577,1928-08-24,
578,1928-08-24,
579,1928-08-25,
580,
581,1928-08-25,
582,1928-08-25,
583,1928-08-25,
584,1928-08-27,
585,1928-08-27,
586,1928-08-28,
587,1928-08-28,
588,1928-08-30,
589,1928-08-30,
590,1928-08-31,
591,
592,
593,
594,
595,
596,
597,
598,
599,1928-10-08,
600,
601,1928-10-09,
602,1928-10-09,
603,1928-10-08,
604,1928-10-08,
605,1928-10-12,
606,1928-10-13,
607,1928-10-13,
608,
609,1928-10-13,
610,1928-10-16,
611,1928-10-16,
612,1928-10-16,
613,1928-10-18,
614,1928-10-18,
615,1928-10-18,
616,1928-10-18,
617,
618,
619,
620,
621,1928-12-27,
622,1928-12-27,
623,1929-12-28,
624,1928-12-28,
625,1928-12-28,
626,1928-12-30,
627,1928-12-30,
628,1928-12-30,
629,1929-01-01,
630,1929-01-01,
631,1929-01-01,
632,1929-01-01,
633,1929-01-03,
634,1929-01-03,
635,1929-01-03,
636,1929-01-05,
637,1929-01-04,
638,
639,
640,
641,
642,
643,
644,
645,
646,1910-03-02,
647,
648,
649,1922-03-13,
650,1929-03-13,
651,1929-03-14,
652,1929-03-14,
653,1929-03-05,
654,1929-03-15,
655,1929-03-15,
656,1929-03-15,
657,1929-03-15,
658,1929-03-15,
659,1929-03-16,
660,1929-03-16,
661,1929-03-16,
662,1929-03-16,
663,1929-03-18,
664,1929-03-18,
665,1929-03-19,
666,1929-03-19,
667,1929-03-19,
668,1929-03-21,
669,1929-03-22,
670,1929-03-22,
671,1929-03-22,
672,1929-03-23,
673,1929-03-22,
674,1929-03-25,
675,1929-03-25,
676,
677,
678,
679,
680,
681,
682,1929-04-27,
683,1929-04-30,
684,
685,1929-05-03,
686,1929-05-03,
687,1929-05-03,
688,1929-05-03,
689,1929-05-03,
690,1929-05-03,
691,1929-05-03,
692,1929-05-04,
693,
694,1929-05-10,
695,1929-05-10,1932-07-07,
696,1929-05-12,
697,1929-05-16,
698,1929-05-16,
699,
700,1929-05-23,
701,1929-05-26,
702,1929-05-31,1938-06-07,
703,1929-06-08,
704,1929-06-14,1929-06-15,
705,1929-06-21,
706,1929-06-26,
707,1929-07-04,
708,1929-07-11,
709,1929-07-17,1929-07-18,1929-07-19,1929-07-20,
710,1929-07-21,1929-08-01,
711,1929-08-01,
712,1929-08-08,
713,1929-08-17,
714,1929-08-19,
715,1929-08-21,
716,1929-08-24,
717,1929-08-27,
718,1929-09-01,
719,1929-09-03,
720,1929-09-08,
721,1929-09-12,
722,1929-09-12,
723,1929-09-13,
724,1929-09-13,
725,1929-09-14,
726,1929-09-14,
727,1929-09-12,1929-09-17,
728,1929-09-12,
729,1929-09-20,
730,1929-09-14,
731,1929-09-15,
732,1929-09-19,
733,1929-09-19,
734,1929-09-19,
735,1929-09-21,
736,1929-09-26,
737,1929-10-08,
738,1929-10-25,
739,1929-11-01,
740,1933-07-10,1930-02-14,
741,1929-11-03,1910-12-20,
742,1929-12-22,
743,1929-12-29,
744,1929-12-29,
745,1929-12-30,
746,1930-01-01,
747,
748,1930-01-02,
749,1930-01-03,
750,1930-01-03,
751,1930-01-03,
752,1930-01-03,
753,1930-01-06,
754,1930-01-07,
755,1930-01-09,
756,1930-01-09,
757,1929-12-29,
758,1930-06-01,
759,1930-01-13,
760,1930-01-22,
761,1930-01-23,
762,1930-01-27,
763,1930-02-01,
764,1930-02-07,
765,1930-03-18,
766,1930-02-17,
767,1930-02-26,
768,1930-03-09,
769,1930-03-30,
770,1930-04-05,
771,1930-04-18,
772,1930-04-26,
773,1930-04-28,
774,1930-05-04,1930-05-06,
775,1930-05-14,
776,1930-05-14,
777,1930-05-14,
778,1930-05-14,
779,1930-05-14,
780,1930-05-30,
781,1930-06-19,
782,1930-06-24,
783,1930-07-02,
784,1930-07-06,
785,1930-07-10,
786,1930-07-03,
787,1930-07-03,
788,1930-07-03,
789,1930-07-03,
790,
791,1930-07-03,
792,1930-07-09,
793,1930-07-09,
794,1930-07-25,
795,1930-07-15,
796,1930-07-15,1930-07-06,
797,1930-07-15,
798,1930-07-15,
799,1930-07-15,
800,
801,
802,
803,1930-07-21,
804,
805,
806,1930-07-23,
807,1930-07-23,
808,1930-07-23,
809,1930-07-23,
810,1930-07-23,
811,1930-07-23,
812,1930-07-28,
813,1930-07-28,
814,1930-07-29,
815,1930-07-30,
816,1930-07-30,
817,1930-07-30,
818,
819,1930-08-01,
820,1930-08-03,
821,1930-08-03,
822,1930-08-09,1930-08-09,1910-08-11,
823,1930-08-12,
824,1930-08-14,
825,1930-08-20,
826,1930-08-22,1930-08-26,
827,1930-08-27,
828,1930-08-30,
829,1930-09-03,
830,
831,1930-09-03,
832,1930-09-07,
833,1930-09-14,
834,1930-09-22,
835,1930-09-27,
836,1930-09-28,
837,1930-09-30,
838,1930-10-07,
839,1930-10-12,
840,1930-10-12,
841,1930-10-14,
842,
843,1930-10-27,
844,1930-11-04,
845,1930-11-08,
846,1930-11-12,
847,1930-11-12,
848,1930-11-12,
849,1930-11-12,
850,1930-11-12,
851,1930-11-14,
852,1930-11-14,
853,1930-11-14,
854,1930-11-14,
855,1930-11-16,
856,1930-11-16,
857,1930-11-18,
858,1930-11-18,
859,1930-11-18,
860,1930-11-19,
861,1930-10-30,
862,1930-11-05,
863,1930-11-08,
864,1930-11-11,
865,1930-12-15,
866,1930-12-19,
867,1930-12-21,1930-12-22,
868,193-12-25,1930-12-26,1930-12-27,
869,1930-12-27,1930-12-28,1930-12-29,1930-12-30,1930-12-31,
870,1931-01-01,1931-01-02,1931-01-03,1931-01-04,
871,1931-01-04,1931-01-05,1931-01-06,1931-01-07,
872,
873,
874,
875,1931-01-13,1931-01-14,
876,1931-01-14,1931-01-14,1931-01-15,1931-01-16,
877,
878,
879,
880,
881,
882,
883,
884,1931-02-02,1931-02-03,1931-02-04,1931-02-04,
885,1931-02-04,1931-02-05,
886,1931-02-05,1931-02-06,1931-02-06,1931-02-07,1931-02-07,
887,1931-02-07,1931-02-08,1931-02-09,1931-02-10,1931-02-12,1931-02-13,
888,193-02-13,1931-02-15,1931-02-16,1931-02-17,1931-02-18,
889,1931-02-18,
890,193-02-23,1938-02-27,
891,1931-02-27,
892,1931-03-05,1931-03-06,1931-03-07,1931-03-08,1931-03-09,
893,1931-03-13,
894,1931-03-18,
895,1931-03-24,
896,1931-04-01,
897,1931-04-04,
898,1931-04-11,
899,1931-04-16,
900,1931-04-20,
901,1931-04-22,
902,193-04-27,
903,1931-04-29,
904,1931-05-02,
905,1931-05-04,
906,1931-05-06,
907,1931-05-07,
908,1931-05-10,
909,1931-05-14,
910,1931-05-16,
911,1931-05-19,
912,1931-05-22,
913,1931-05-25,
914,
915,1931-05-29,
916,1931-05-30,
917,1931-06-01,
918,1931-06-02,
919,1931-06-02,
920,1931-06-06,
921,1919-06-09,
922,
923,1931-06-14,
924,1931-06-16,
925,1931-06-16,
926,1931-06-18,
927,1931-06-19,
928,1931-06-21,
929,1931-06-21,
930,1931-06-23,
931,1931-06-25,
932,1931-06-27,
933,1931-06-30,
934,1931-07-04,
935,1931-07-10,
936,
937,
938,
939,
940,
941,
942,1937-08-04,
943,
944,1931-08-06,
945,
946,
947,1931-08-08,
948,1931-08-08,
949,
950,1919-08-09,
951,193-08-09,
952,
953,1931-08-12,
954,1931-08-12,
955,1931-08-14,
956,1931-08-16,
957,1931-08-17,
958,
959,1931-08-19,
960,1931-08-19,
961,1931-08-18,
962,
963,
964,
965,
966,
967,
968,
969,1931-08-10,
970,
971,
972,
973,
974,
975,
976,
977,
978,
979,
980,
981,
982,
983,
984,
985,
986,
987,
988,
989,
990,
